                  epoch,         train/box_loss,         train/cls_loss,         train/dfl_loss,   metrics/precision(B),      metrics/recall(B),       metrics/mAP50(B),    metrics/mAP50-95(B),           val/box_loss,           val/cls_loss,           val/dfl_loss,                 lr/pg0,                 lr/pg1,                 lr/pg2
                      1,                 1.9954,                 6.3884,                 1.6543,                0.47792,                0.03118,                0.02892,                0.01355,                 2.2847,                  4.399,                 1.5695,             6.7918e-05,             6.7918e-05,             6.7918e-05
                      2,                 1.6442,                 3.5569,                 1.3664,                0.24287,                0.16333,                0.10872,                0.04944,                 2.0385,                 2.7003,                 1.4251,              0.0001368,              0.0001368,              0.0001368
                      3,                 1.5859,                 2.9057,                 1.3298,                0.29202,                0.15128,                0.15865,                0.07376,                 2.0544,                 2.5697,                 1.4227,             0.00020522,             0.00020522,             0.00020522
                      4,                 1.5352,                 2.6018,                 1.2642,                 0.3248,                0.23873,                0.24035,                0.10121,                 2.0684,                 2.1401,                 1.4535,             0.00020594,             0.00020594,             0.00020594
                      5,                 1.4651,                 2.1392,                 1.2125,                0.38638,                0.23144,                0.26857,                 0.1134,                 2.1488,                  2.108,                 1.5203,             0.00020525,             0.00020525,             0.00020525
                      6,                 1.4509,                 1.9796,                  1.215,                0.28094,                0.28989,                0.27323,                0.10951,                 2.1614,                 2.0702,                 1.5052,             0.00020457,             0.00020457,             0.00020457
                      7,                 1.4087,                 1.8322,                 1.2302,                0.47528,                0.33117,                0.36153,                0.14149,                 2.1043,                 1.7054,                 1.5071,             0.00020388,             0.00020388,             0.00020388
                      8,                 1.3898,                 1.7473,                 1.2291,                0.37401,                 0.3487,                0.37115,                0.14685,                 2.1422,                 1.6588,                 1.5441,              0.0002032,              0.0002032,              0.0002032
                      9,                 1.4134,                 1.7107,                 1.2038,                0.47582,                0.34608,                0.40746,                0.14497,                 2.2101,                 1.5902,                 1.5981,             0.00020251,             0.00020251,             0.00020251
